id_usuario,nome,email,cpf,senha,nascimento
6,Usuario 6,usuario6@email.com,00000000006,senha6,1990-01-01
7,Usuario 7,usuario7@email.com,00000000007,senha7,1990-02-02
8,Usuario 8,usuario8@email.com,00000000008,senha8,1990-03-03
9,Usuario 9,usuario9@email.com,00000000009,senha9,1990-04-04
10,Usuario 10,usuario10@email.com,00000000010,senha10,1990-05-05
11,Usuario 11,usuario11@email.com,00000000011,senha11,1990-06-06
12,Usuario 12,usuario12@email.com,00000000012,senha12,1990-07-07
13,Usuario 13,usuario13@email.com,00000000013,senha13,1990-08-08
14,Usuario 14,usuario14@email.com,00000000014,senha14,1990-09-09
15,Usuario 15,usuario15@email.com,00000000015,senha15,1990-10-10
16,Usuario 16,usuario16@email.com,00000000016,senha16,1990-11-11
17,Usuario 17,usuario17@email.com,00000000017,senha17,1990-12-12
18,Usuario 18,usuario18@email.com,00000000018,senha18,1990-01-13
19,Usuario 19,usuario19@email.com,00000000019,senha19,1990-02-14
20,Usuario 20,usuario20@email.com,00000000020,senha20,1990-03-15
21,Usuario 21,usuario21@email.com,00000000021,senha21,1990-04-16
22,Usuario 22,usuario22@email.com,00000000022,senha22,1990-05-17
23,Usuario 23,usuario23@email.com,00000000023,senha23,1990-06-18
24,Usuario 24,usuario24@email.com,00000000024,senha24,1990-07-19
25,Usuario 25,usuario25@email.com,00000000025,senha25,1990-08-20
26,Usuario 26,usuario26@email.com,00000000026,senha26,1990-09-21
27,Usuario 27,usuario27@email.com,00000000027,senha27,1990-10-22
28,Usuario 28,usuario28@email.com,00000000028,senha28,1990-11-23
29,Usuario 29,usuario29@email.com,00000000029,senha29,1990-12-24
30,Usuario 30,usuario30@email.com,00000000030,senha30,1990-01-25
31,Usuario 31,usuario31@email.com,00000000031,senha31,1990-02-26
32,Usuario 32,usuario32@email.com,00000000032,senha32,1990-03-27
33,Usuario 33,usuario33@email.com,00000000033,senha33,1990-04-28
34,Usuario 34,usuario34@email.com,00000000034,senha34,1990-05-01
35,Usuario 35,usuario35@email.com,00000000035,senha35,1990-06-02
36,Usuario 36,usuario36@email.com,00000000036,senha36,1990-07-03
37,Usuario 37,usuario37@email.com,00000000037,senha37,1990-08-04
38,Usuario 38,usuario38@email.com,00000000038,senha38,1990-09-05
39,Usuario 39,usuario39@email.com,00000000039,senha39,1990-10-06
40,Usuario 40,usuario40@email.com,00000000040,senha40,1990-11-07
41,Usuario 41,usuario41@email.com,00000000041,senha41,1990-12-08
42,Usuario 42,usuario42@email.com,00000000042,senha42,1990-01-09
43,Usuario 43,usuario43@email.com,00000000043,senha43,1990-02-10
44,Usuario 44,usuario44@email.com,00000000044,senha44,1990-03-11
45,Usuario 45,usuario45@email.com,00000000045,senha45,1990-04-12
46,Usuario 46,usuario46@email.com,00000000046,senha46,1990-05-13
47,Usuario 47,usuario47@email.com,00000000047,senha47,1990-06-14
48,Usuario 48,usuario48@email.com,00000000048,senha48,1990-07-15
49,Usuario 49,usuario49@email.com,00000000049,senha49,1990-08-16
50,Usuario 50,usuario50@email.com,00000000050,senha50,1990-09-17
51,Usuario 51,usuario51@email.com,00000000051,senha51,1990-10-18
52,Usuario 52,usuario52@email.com,00000000052,senha52,1990-11-19
53,Usuario 53,usuario53@email.com,00000000053,senha53,1990-12-20
54,Usuario 54,usuario54@email.com,00000000054,senha54,1990-01-21
55,Usuario 55,usuario55@email.com,00000000055,senha55,1990-02-22
56,Usuario 56,usuario56@email.com,00000000056,senha56,1990-03-23
57,Usuario 57,usuario57@email.com,00000000057,senha57,1990-04-24
58,Usuario 58,usuario58@email.com,00000000058,senha58,1990-05-25
59,Usuario 59,usuario59@email.com,00000000059,senha59,1990-06-26
60,Usuario 60,usuario60@email.com,00000000060,senha60,1990-07-27
61,Usuario 61,usuario61@email.com,00000000061,senha61,1990-08-28
62,Usuario 62,usuario62@email.com,00000000062,senha62,1990-09-01
63,Usuario 63,usuario63@email.com,00000000063,senha63,1990-10-02
64,Usuario 64,usuario64@email.com,00000000064,senha64,1990-11-03
65,Usuario 65,usuario65@email.com,00000000065,senha65,1990-12-04
66,Usuario 66,usuario66@email.com,00000000066,senha66,1990-01-05
67,Usuario 67,usuario67@email.com,00000000067,senha67,1990-02-06
68,Usuario 68,usuario68@email.com,00000000068,senha68,1990-03-07
69,Usuario 69,usuario69@email.com,00000000069,senha69,1990-04-08
70,Usuario 70,usuario70@email.com,00000000070,senha70,1990-05-09
71,Usuario 71,usuario71@email.com,00000000071,senha71,1990-06-10
72,Usuario 72,usuario72@email.com,00000000072,senha72,1990-07-11
73,Usuario 73,usuario73@email.com,00000000073,senha73,1990-08-12
74,Usuario 74,usuario74@email.com,00000000074,senha74,1990-09-13
75,Usuario 75,usuario75@email.com,00000000075,senha75,1990-10-14
76,Usuario 76,usuario76@email.com,00000000076,senha76,1990-11-15
77,Usuario 77,usuario77@email.com,00000000077,senha77,1990-12-16
78,Usuario 78,usuario78@email.com,00000000078,senha78,1990-01-17
79,Usuario 79,usuario79@email.com,00000000079,senha79,1990-02-18
80,Usuario 80,usuario80@email.com,00000000080,senha80,1990-03-19
81,Usuario 81,usuario81@email.com,00000000081,senha81,1990-04-20
82,Usuario 82,usuario82@email.com,00000000082,senha82,1990-05-21
83,Usuario 83,usuario83@email.com,00000000083,senha83,1990-06-22
84,Usuario 84,usuario84@email.com,00000000084,senha84,1990-07-23
85,Usuario 85,usuario85@email.com,00000000085,senha85,1990-08-24
86,Usuario 86,usuario86@email.com,00000000086,senha86,1990-09-25
87,Usuario 87,usuario87@email.com,00000000087,senha87,1990-10-26
88,Usuario 88,usuario88@email.com,00000000088,senha88,1990-11-27
89,Usuario 89,usuario89@email.com,00000000089,senha89,1990-12-28
90,Usuario 90,usuario90@email.com,00000000090,senha90,1990-01-01
91,Usuario 91,usuario91@email.com,00000000091,senha91,1990-02-02
92,Usuario 92,usuario92@email.com,00000000092,senha92,1990-03-03
93,Usuario 93,usuario93@email.com,00000000093,senha93,1990-04-04
94,Usuario 94,usuario94@email.com,00000000094,senha94,1990-05-05
95,Usuario 95,usuario95@email.com,00000000095,senha95,1990-06-06
96,Usuario 96,usuario96@email.com,00000000096,senha96,1990-07-07
97,Usuario 97,usuario97@email.com,00000000097,senha97,1990-08-08
98,Usuario 98,usuario98@email.com,00000000098,senha98,1990-09-09
99,Usuario 99,usuario99@email.com,00000000099,senha99,1990-10-10
100,Usuario 100,usuario100@email.com,00000000100,senha100,1990-11-11
101,Usuario 101,usuario101@email.com,00000000101,senha101,1990-12-12
102,Usuario 102,usuario102@email.com,00000000102,senha102,1990-01-13
103,Usuario 103,usuario103@email.com,00000000103,senha103,1990-02-14
104,Usuario 104,usuario104@email.com,00000000104,senha104,1990-03-15
105,Usuario 105,usuario105@email.com,00000000105,senha105,1990-04-16
